full_text,score
fufufafa dunia,1
salfok sama tulis,1
raiso ngomongkalau mau lancar omong cuma sosmed fufufafaomong jorok doang,0
tong kosong mah boro2 ngebacot linggis dpn mic aja mendem soranya,0
arah benar dokter akhir dukung fufufafa coba aja kasih jabat perintah,1
gus f4 fufufafa,1
hrs tangkap hukum mati org org dukung jokower fufufafa beres becus bikin bangkrut nkri asu anjing lu,0
jauh jauh bawa tong kosong mubajir kan,0
wapres,1
sedikit bicara banyak nyusu fufufafa,0
tong kosong anti wartawan,0
bahas jg beda bro satu cuma apresiasi satu kena data progres bangun,0
gi ngincer jadi komisaris apa bang smp mau jadi kambing hitam si fufufafa,0
gus tong kosong,0
ga kelas fufufafa laku mirip vance used to hate trump lmao,1
coba suruh baca alfatihah dulu si fufufafa sama bloonya sama mulyono,0
aff kayak butuh ridho,1
tong kosong mendem bunyi tuh kan percuma jadi mubajir,0
kaya banyak liat kata kata mutiara fufufafa naik gunung lalu tancap otak jagung rebus,1
makin yakin bapak fufufafa pki guna ilmu sihir kuat utk sirep ratus juta manusia,0
harus dibeliin biar bakar rumah,1
cuma mantan lagi aku udah chattingan sama,1
hahahaha fufufafa otak nihil,0
temu lawrence wong sultan minta singapura bicara israel henti perang gaza netanyahu,1
terimakasih lbh sedih kamu selalu peduli anies dukung sbg lampias kecewa akibat gagal proyek slamet utk selamat dr isue fufufafa penting kan bukti bhw kamu bikin tuit serang honor cair hina sekali hidup,0
allah pikir sederhana aja bisa maksud gerindra tanggap 11100 kata anies masih dipikirin fufufafa biar fufufafa pernah tolong juang di bela habishabisan jadi gubernur,0
yg cosplay fufufafa kek nya jiwa banget dech,1
ikn fufufafa bejat moral keluarga nebeng tambang moga balas,0
puja bilang fufufafa bukan ban serep kelas idiot,0
satu anak vaksin biar anak fufufafa cucu joko yang buat eksperiment,0
kalo bukan dua arti wapres fufufafa dong hahajaja,1
paling sering telp fufufafa tanya tugas apa bagi2 susunyasih sambut berani dateng kampus2,0
anjing fufufafa mulai menggongong,0
punya ahli khusus tidak semua orang mungkin susuemang laen fufufafa kata susu,0
bangga bodoh si fufufafa pemuda aswaja,0
10 tanding akhir inter amp napoli weekend besok bakal ketemu seru sih,1
coba liat isi x nya bela fufufafa udah kek bela negara aja,0
tangkap yo njing fufufafa ramai terus angkat terus biar semua inget badjingan satu fufufafa narkoboy,0
koch mending gosah bangun sampe minggu depan kata gua mah,1
aksi 411 adil tangkap fufufafa nasionalisasi tambang via,1
masukin aja semua sel bang den ngeselin,0
mksdnya pak probowo masalah fufufafa karna tidak pernah tolong jadi gubernur tp buat sakit hati 11100 karna pak anies pernah dukung jadi gubernur,2
waktu pilpres 2024 dukung militan no 1 sekarang ngaku2x bain pak prabowobesok2x kalau kasih jabat fufufafa jadi buzzer bela modal pakai hijab amp gelar dokter lihat intelektual negeri,0
kok goblog sih org gila smpe org pinter jg tau si fufufafa lol,0
biar gampang dikibulin makanya orangorang kek fufufafa jadi pimpin,0
gibran samsul alias fufufafa botol kok pelihara tunjuk kan kelas bukan wapres urus negara kelas bagai tugas bagi susu tidk adil sosial susu gratis utk utk orang miskin preeetttt,0
mantap bukti pak waspada gera fufufafa,2
gapapawkdkwskw kalo kesandung kyaknya landing duluan muka gw bukan pantathw,1
kalo suruh ngomong takut belibet jago ngetik kaya akun fufufafa wkwk,0
tugas bersih sih iya,1
tonton kuliah umum fpbs upi ttg cinta indonesia lalu bahasa sastra jadi ken nyoba lg ngetiknulis apa di sosmed biar langsung realisasi tidak lupa tpi jgn sprt fufufafa soal kadang suka ide muncul scr tiba,0
awokwokwok fufufafa suruh minum susu ikan banyak,0
kak jelasin yang mirip fufufafa bagi apa aku drtd cari tau tidak ketemu2,1
emang tukang cebok fufufafa lalau bacot hak pernah pakai data pakai bansos,0
pikir bodoh buzzer iq 78 ni begini kalau pakai aplikasi pertanggungjawabannya liat progres beforeafternya kalau langsung balaikota waktu gubernur jadi habis gk efektif gk liat kembang demo aja didatengin tuh demo kurang buka apa,0
fufufafa anut prinsip banyak kerja sedikit bicara,2
baik memang anggap fufufafa tidak pernah ada,1
kemarin dengan yakin bilang fufufafa bukan milik fafafufu,1
ayoayoganyangfufufafa ganyangfufufafasekarang jugaayoayoganyangfufufafaganyangfufufafasekarangjugaayoayoganyangfufufafaganyangfufufafa,0
jadi kapan fufufafa ciduk kurang ajar banget mulut,0
gus fufufafa,1
simpul anies yaman admin fufufafa siaaall bego banget logika,0
bentarrr elaborate dulu admin gerindra bilang fufufafa pernah tolong juang bela habishabisan buat jadi gubernur anis baswedan tolong juang bela ahbishabisan buat jadi gubernur 2 kalimat makna tolak belakang,0
wkwkwkw ngeselin emng laku kek fufufafa,0
ayo pak jadi ingat ucap bapak bubar 2030 kl gerombol fufufafa habis kabinet bapak,0
kalau pmrintah emg serius ngebongkar akun fufufafa cepet utk bukti kl si akun bukan sangka biar jelas ya gitu deh,0
entar ribut fufufafa sama kaya filipina wkwkwk,0
indo yang samain trump sama fufufafa tolol bggt,0
hampir kesandung tangga skolahhow much aura did i lose,1
bener bener parah lama 10thn republik ayo pak saat republik bersihjan gerombol fufufafa masih di perintah bapak,0
tolol kamu jelas2 fakta fufufafa bobi hancurlan bangsa kamu otak dipake otak sampah kamu,0
hancur as jadi hancur romawi dulu baru konflik palestina timteng akhir,1
yth president republik indonesiamohon segera tegak hukum adil thdp issue fufufafa ijazah palsu psn pik2 bsd gaduh anak bangsa selesai dgn tepat benar sesuai hukum adil sallam,1
bikin negara sendiri aja bos kd kan anis presiden anis aja santai bae malah dukung terap panas mau bikin onar terus selalu provokasi soal fufufafa,2
jurnalis apa semua orng tau klo fufufafa tuh kosong,0
cieeee jilat sana jilat sini hujatin se kakak fufufafa biar lengser terus ganti sm kamu dok jgn malu malu akuin aja,2
sekal suruh fufufafa pidato bhs inggris tdk bisa kampanye susu mulu,0
gus fufufafa,1
fans fufufafa emang rada2 oon,0
tangkap fufufafa beking,0
fufufafa mania mana paham tupoksi wapres penting blusukan ketemu rakyat kerja wkwkwk,0
lah ngapain diturunin kan buzzer mulyoni fufufafa siap menuhin tiap hari biar jadi beban anggar,0
data data lengkap fufufafa must go to jaile,0
nyata picik dr orang menteri ngirim orang sekolah pake uang negarapajak rakyt selesai kasih bebas mau kmn krn negara bs kasih tempat manfaat ilmu iki piye to logikane,0
kita dukung negara jadi negeri fufufafa hobby minum susu susu import sz nya jauh lebih besar siapa tahu banyak nyusu warga negara ipk nya lebih 2 3,0
kl jamin mesin selalu mati dadak 5 menit terbang misal juga siapa tahu ngajak fufufafa jalanjalan,1
gaberani nagih soal males tagih si fufufafa alias el beler,1
fufufafa dobol narkoboy,0
gw jadi paham seprti apa konsultan fufufafa di wawancara ros orang2 sangat paham bodoh masyarakat untuk eksploitasi bisa dulang popularitas lalu cara2 marketing faktor sprti kondisi geografis demografis psycografis behavioral,0
salah satu salah begitu adab si fufufafa kn bran,0
rakyat sihir dgn aura fufufafa,1
wakil presiden kait akun fufufafa biar rakyat cerdas utk hakim sesuai hukum laku presiden republik indonesiatdk bela kasus liat strategi presiden hadir g 20 ucap tdk ada plt,0
apa bisa diomongin si fufufafa sma tidak tamat lho bolong habis barang kan suka bubuk test rambut pasti kelar barang,0
jaman pa harto para taipan tak kutik nunduk2 macam fufufafa presidenjaman now kuasa tekuk lutut nunduk2 taipan entah dgn pa liat aja apa berani lawan oligarki,0
bahasa guna fufufafa lihat kualitas pribadi org suka fitnah jg lihat kualitas attitudenya taubat sesal,0
he is fufufafa nepotisme boy he said asam sulfat for asam folat,0
dusta agama ikn fufufafa nebeng tambang i ni k nyol n alarnya,0
kasih tau dunk fufufafa siapa jadi,1
gilak yaa wapres model begini kapan fufufafa makzul,0
jujur perlu meski jabat taruh bravo buat bapak berani jujur melotot dpr skak budi arie cecar kasus judol komdigi amp tantang buka sosok fufufafa,1
minta kim sama fufufafa jangan ke anak emang enak surveynya anjlok,0
sangat harap penjahatpenjahat duduk perintah presiden sih semua tdk kecuali semua menteri nya indikasi koruptor selidik perintah bersih dr segala macam busuk masuk budi ari jg fufufafa,1
fufufafa tampil istana kes negeri wakanda kurang anak muda cerdas klo bkn krn bpknya pasti tdk kenal amp klo krn bkn paman tdk legal bkn demokrasi tp jelasjelas dinasti kuasa dinasti politik ngibul raya,0
ga efektif golok otak jilat pantat fufufafa memang kosong kadrun,0
manyala fufufafa ku,2
teman2nya fufufafa,1
catat hari fufufafa,1
fufufafa jalan jalan terus bossbagi ngikutin sekali citra emang kerja ganti aja boss,0
ak tiap kali liat muka fufufafa bawa mual asli kowakowo dadi wapres ak msih tdk sangka,0
pagiii,1
ken tau dong jawab cingak celinguk kek gmnapakah kosong seperti bahas fufufafa,0
verrel bramasta jauh lebih cerdas fufufafa,0
tinggal inter sama atalanta doang blm bobol sampe matchday 4 ucl,1
kalau puja muja fufufafa kira kira mau ngarep jadi apa yaaa mungkin ken ngumpul dgn fufufafa akhirat kelak,0
fufufafa rakabuming raka,1
gibran dong dia fufufafa fafifu suka susu indonesia cemas,0
anak haram konstitusi fufufafa,0
gas kalo kena perintah benarbenar fufufafa,0
maksud dr jawab gerindra bkn fufufafa anis tp gerindra bahas 11100 fufufafa biar mk jawab fufufafa pernah tolong jadi wajar hujat anis sdh tolong juang sanggup nilai 11100,0
fufufafa bela turun x,0
cawapres tak isi kepala nanti fufufafa penjara aja jkwalitas jorok bisa kerja ancur indonesia,0
1112 lah sama sama presiden nya gemoy wakil sama spek fufufafa,0
lebih parah fufufafa,0
pusing pening 7 keliling punya akun fufufafa ayosegera akhir siapa benar fufufafa bendang beres,0
siapa presiden wakil tetap fufufafa,0
kerja opo cuma plonga plongo,0
assalamulaikum pagi moga aja makzul si fufufafa,0
udah segitu doang argumen lo rugi fufufafa bayar buzzer tolol kaya gin,0
utama fufufafa,1
justru t nya sih fufufafa,1
mungkin beliau anak pak kyai,1
siapa milik akun fufufafa dia hewan asal bapak binatang,0
puja fufufafa langsung kelojot hahaha,0
ganyang fufufafa,0
lu mirip admin judol bahasa kasar mirip fufufafa,0
coba bandingin ma fufufafa,1
kan sdh ahli mentok fufufafa,0
ngomong bangga punya fufufafa,0
fufufafa aja d word,0
fufufafa hancur,0
cuma ngaku2 muslim gus nama jongos fufufafa klo gitu bisa makan,0
makanya rapat kuasa kasus korupsi mafia judi online nya yakin yang goblok tetap dukung nya sejahtera dengan cara dukung jadi jabat masuk fufufafa kalian dukung nya tetap derita,0
iyeeepercaya adab lu nyontoh fufufafa kan adab lu nyontoh si kagak punya malu berkali2 bohong kan sono contoh turut lo adab bagai orng lahir solo aja malu penya tetangga kek raka,0
maaf bang isu wapres sekarang milik akun fufufafa apa benar,1
nek jare tiktok fufufafa roy suryo,0
ada anak muda jelas lihat kualitas pada anak si si fufufafa pilih jadi fufufafa jadi wakil aneh ini negara,0
cuma buzzer sembah n jilat fufufafa cinta ama samsul masuk loh sdm rendah,0
punya wakil presiden kok gin sih vulgar fufufafa roy suryo,0
gw bukan anak anti fufufafa pro pak prabowo,0
yang belah ngeributun fufufafa,2
ganggu syaraf ato zat dopaminnya rata symptome awal parkinson ato genetik turun makanya anak turun jadi fufufafa lah dna awal aja ganggu,0
anak wabah anies emang bodoh makanya gampang bodoh udah jelas fufufafa buat si bajing roy suryo,2
sebenernya intrik politik elit elit binatang masa aksi memang direncanan elit jebak hbs di perkara depan nya bazer bazer hadeh,0
celinguk nyari siapa fufufafa x,0
tuker sama rumah gua nih kaga,1
biasa bacot emak emak gada obat,0
sdm serlok tak paran anut satanisme,0
setor uang judol ngab,0
hahahaha betul jgpemuja fufufafa,0
apas rp,1
gua fufufafa gausah ngaku ngaku lu,0
fufufafa kok panggil gus,0
slalu da quotes pas dr fufufafa utk stiap msalah,0
ayooo up fufufafa jangan lena,0
kecut mana berani bongkar fufufafa besar bacot doang,0
kontol nama lo aje atheis setan udeh jelas konfirmasi bocoralus fufufafa terus lo mao puter balikin fakta kerja pki anjing,0
paling pinter emang yaa buzzernya fufufafa kalau bikin hoax,0
teryata akun fufufafa akun si samsul cek no rekening nya sama,0
berapa hebat presiden masih wakil fufufafa akan tetap nilai kurang sahaja mata rakyatnyaampdunia internasionalinvestor asing ragu utk tanam modal,0
anjing fufufafa gonggong,0
fufufafa is an idot person,0
lha kapasita fufufafa apa coba mbok wes suruh ngurusin katering digramasi bikin gaduh negri,0
fufufafa buka mtq korpri nasional palangkaraya nabuh kendang musibah apa bangsa sehingga wapres bodoh kek gin,0
media gila isi timeline fyp explore 1 politik black campign fufufafa 2 jadi keras rumah tangga sekolah 3 kkn polisi jabat baik tahu buruk mental,0
klau menang id malah jdi fufufafa,0
arti fufufafa bukan anies admin gerindra bilang kalo fufufafa gapernah tolong juang bela habis habis jadi gubernur anies pernah kok komenannya banyak bilang malah fufufafa anies,1
lah pan di demo akun fufufafa emg akun fufufafa korupsi,0
kok di berita kan sek neg buka mtq pakai kata sambut si fufufafa samsul isi kosong ada sude effect bubuk putih berani sek neg test rambut lol,1
siap laksana,1
good public speaking bekal bawa acara alam entertainment lai cuman liat akting kalo kata gw kalo fufufafa udah jelas,0
pak fufufafa suruh diem aja kantor lah kerja citra melulu kaya bapak nya si tiap ditanyain wartawan kabur bikin malu indonesia aja tuh orang kerja nya bagi2 susu doang,0
chill aja chill usah bakar jenggot contoh aja tuh lu bilang santai di hujat fufufafa wkwk,0
wkwkwkwkwkkwkw kenalin dong dedek sama temennya aku mau liat siapa jadi fufufafa,1
konoha relate ama wkwkwwkkw,1
gmn cara beliau beliau kuliah luar negeri ken banget if only i was born as a nepo baby kayak fufufafa bakal dapetin ipk 4 uang jalur dalem punya bapak lalu sekolah oxford tidak pernah balik ke indo,0
inti kek indo menangin fufufafa ini lebih worst,0
tp simpul nya anies fufufafa otak gimana dah wkwk justru jelas2 malah gerindra ngasih tau kl fufufafa amp anies beda,0
lg marak bahas judol ada fufufafa aneh bgt,1
lu ngerti inti kalimat si atheist kok tolol minimal mahamin teks dulu gua jelasin dah biar otak kepake gerindra tanya knp urus anies ngasih nilai 11100 bahas terus fufufafa kaga jawab krn fufufafa pernah tolong amp dorong jadi gubernur,0
premis 1 fufufafa pernah tolong bela sampe jadi gubernur premis 2 anis pernah tolong bela sampe jadi gubernur simpul fufufafa anis gua ngerti syarat jadi buzzer goblok nyangka sampe goblok tidak tolong gin,1
buset baru ngomong gitu doang langsung anggap layak jadi wakil presiden wkwk pantes lah bangsa ini gampang dibegoin banyak makan image pernah ajar bhw politik jual image varel sama fufufafa mah sama aja cuma beda bungkus,0
emg susah kalo temenan sama doppelganger fufufafa,1
mirip fufufafafoto wisudapake bayar orang2 an,1
fufufafa gaada menang ln cuy,1
kan jelas balik fufufafa anak abah,0
tangkap fufufafa sekarang sekarang sekarang,0
jajah rezim fufufafa,0
fufufafa tu siapa,1
pns kan kerja negara amp warga layan publik amp masyarakat bukan layan si fufufafa,0
penjajahyg lawan sebut radikal yamannyaman aq pahlawan ubah krn berani lawan jajah rezim fufufafa aq bangga jadi pahlawan ubah nyaman,0
f o f o f a siapa fufufafa,1
goblok ngeyel darimana kamu tahu fufufafa gibranjawab goblok goblok,2
iya familiar org indo jadi buzzer fufufafa telat transfer gara2 meutya hafid jadi buzzer negara deh,0
emang lu bodoh terus term apa cocok buat lu bedain etnis kota pinter mustahil tengah bodoh bisa bodoh punya argumen malah nyerang personal sara bodoh bodoh makanya waktu kecil minum minyak ikan biar tidak bodoh kek fufufafa,0
janji pak budi arie spill milik akun fufufafa judol menkominfo,1
jgn pura2 lu anak wabah fufufafa kalian bilang adalh sdh jadi wapres kalian jg,1
fufufafa sendi2 hidup ber negara rusak smua konstitusi main se suka hati,0
fufufafa emg cocok buat apa aja,1
ken lihat fufufafa 11mukidi12 ketemu sama presiden amerika baru,1
inih nih udh bukan titis fufufafa titis nisa sabi,1
congratulations to mr from fufufafa,1
tinggal nang,1
optimum pred say ganyang fufufafa,0
ayokejar terus fufufafa ijasah jokowi,0
fufufafa ngalah,1
bukan fufufafa garap komplot anak sibudi intel kamu sebar hayooongaku kamu,2
lah gw tuju sama dapat lu anak wabah banteng terus ngapain lu marahmarah nyerang personal wkwk argumentum ad hominem tanda otak sungsang kembang btw buzzerp bodoh bodoh fufufafa,0
narasi lo goblok soal fufufafa anak terminologi lo cacad gblok,0
arti kamu yapenyebar isu fufufafa gibran,1
tolol gin mau jadi bupati sejak kelas fufufafa jadi wapres kelas bawah ikut orang goblok daftar jabat,0
maw aku ajak ktmu fufufafa,1
beneran fufufafa bikin anak anis baswedan oooojadi kamu yayg bikin isu fufufafa ya,2
moga pak taring biji hilang satu kata fufufafa muncul lagi,1
abah anies pahlawan perubahanrespect buat anies jgn salah nilai dgn kata pahlawan bkn utk sdh tiada aq pribadi kata pahlawan krn berani lawan rezim fufufafa contoh anies kasih ilmu biar tdk bodoh rezim jajah fufufafa,0
coba utuk nilai orang dr bagai sudut pandang tdk minta penjara adil dulu biar tau salah benar fufufafa hina presiden sekarang gbs tangkap atas tuduan ujar benci,0
takut besar gw beneran tuh fufufafa pensiun dini gapapa dah,0
tanda wajib harus kau selesai biar ndak kayak ikut kultus fufufafa,1
wkwkwk ngakak sender pinter kayak biar kasus fufufafa ngga tenggelam deh biar hitz terus wkwk,1
siap 2029 utk fufufafa butuh biaya besar,1
budi arie kunci akhir fufufafa klo bongkar keluarga oslo murka segala hancur beranta dalam istana negara,0
lahh kalian heran pak pol apa rasa aneh budi arie jadi menkominfo anak jadi wapres tau sama tiga budi arie fufufafa joko widodo apa sama dalam projo jasmev,0
kalo berani pecat saya bongkar rahasia negara bagus bapak bongkar siapa fufufafa ayo botak separohw,0
jangan lupa dgn kasus nebeng fufufafa mulyono,1
iya sih doi public speakingnya lebih bagus fufufafa cuman tidak anj dua bawah standar,0
awowkwowk fufufafa,1
baru sekarang kek ngene2 ngebajer fufufafa ye lu min pupupapa si cupupapa,1
gak anj standar kalian rendah gara gara fufufafa gmn sih anj,0
denny siregar kritik wapres kerja bagibagi susu warganet obsesi ahli fufufafa,1
saja bang dia akan fufufafa awards lo awokawokawok,1
budi ari mesti ajar fufufafa aman,1
memang allah maha bolak balik hati punya temen dulu getol banget anti kritis banget sama perintah skrg kasus fufufafa buat b aja bangga banget sama presiden skrg salah satu dampak lulus luar negeri suruh pulang jadi jilat perintah,0
wadwuuhorang no 2 negara besar tapi public speakingnya nol besar para puja fufufafa aku doa moga anak2 seperti fufufafa aamiin,0
halaaaahhh cem betul aja kalian bah tim hukum bakal lapor tebar fitnah soal bobbysurya polisi,2
aint no way bruh westernized fufufafa,1
t test pakai buat uji indepedent amp dependent variable both binary retard parah mah lbh goblok dr fufufafa ipknya 23,0
fufufafa masuk kriteria psikofat jka bnr milik akun fufufafa adlh sprti roy suryo bilang mka konoha mmpunyai wakil hokage psikofat bhya nya psikofat jka pimpin konoha mungkin akn lbih kejam dri jajah bhkan lbih kjam dri pki,0
awokawok bakar fufufafa mah beler aja,0
aq bangga anggap radikal di bilang yamannyaman krn aq jadi pahlawan ubah berani lawan jajah rezim fufufafa moga paham dgn,0
kekna sie molen enieh udh tahap acceptance wapresnya kyak fufufafa,0
memanh beliau nih kocag kocag nya mirip fufufafa,0
ironi memang maleman ngetawain tantrumnya warga amrik negara gw wapresnya fufufafa,0
we blame fufufafa,0
optimis sama pak prabs tidak fufufafa,0
emang cara tulis puisi fufufafa jangan guna pikir,1
fufufafa isi kepala nya ngga jauh2 dr bokep,0
selamat layak dpat sepeda,1
budi pegang rahasia fufufafa,1
gak usah heran d sini fufufafa menang jugak,1
candu senyum roblox pls,1
warga as rasa apa rasa warga indo fufufafa jabat,1
yang banyak julid emg pantes disandingin sama fufufafa,0
selamat malam rekues lagu nada fufufafa,1
beda pakai fufufafa,1
wkwkwk podo cak aku kader gerindra pilih biar keok banjindol malah menang cok kemarin pilih anies krn gandeng sama fufufafa jokowieh mk bantuin kalah emang waktu rusak apa indonesia,0
apa anti fufufafa sama radikalisme slenco,1
ltlt udah goblok jadi atheis tambah tolol bila fufufafa anies,0
fufufa lelaki layak jadi pimpin teladana beri jorok tak martabat bayang klw fufufafa punya anak kayak dia laku fufufafa di hukum sosial umur hidup,0
poles pinter,1
klo ngobrol translator budak sdh teriak fufufafa pinter kaya buzzer iq nyungsep medsos belah,0
10 tahun bela bain buat lagu jokodok geng oligarki fufufafa ya d aku musisi nya tidak kasih nilai 11 tapi jgn marah kasih nilai 95,0
vini kaya fufufafa kaga tau malu,1
rame cuma mau bilang maaf bahasa awurawuran soal ngeqrt buruburu emosi puncak beberapa detik kirim link tweet bego oleh temen fufufafa kys and free palestine,0
fufufafa udah lanjur girang kata kalau presiden kuker kuasa ambil alih wapres ehhh nyata cuma buat ban serep,0
muncul fufufafa,1
ha ha ha kalau budi arie tangkap gemetar fufufafa keluarga mungkin cara bayar jet pribadi,0
siapa punya thread kasus fufufafa,1
gk ad inisiatif dri kubu p untk usut milik akun fufufafa bgaikan macam d takluk pawang bkan nya aung malah keong,1
scripted kayak fufufafa,1
ciaaaaaaa presiden nya donal trump ciaaaaaaa wapres lo fufufafa,0
si fufufafajelas koksiapa,1
living under and fufufafa,1
sayur fufufafa,1
gw kira fufufafa,1
ig comment foto baru fufufafa rame buzzer muja muji ngejelekin wkwk,1
dear indon gausah fomo milu usa amerika beda negara sat wapres lu fufufafa,1
kenapa ratingnya lebih kecil ipk fufufafa,0
soal debat sok savage makanya nilai bagus lama lama orang kek mulai ngerasa yang aneh sama apalagi soal fufufafa kemarin mau sangkal bukan gaada celah imagine ur wapres is talking about some porn sites boobies and titiekkkkk,0
kalo gw jadi dpr kayak gw mau ngusir fufufafa,0
ibu sukses hantar pak jadi walikota gubernur presiden 2 periode hasil sekarang rasa,1
fufufafa memng gemar susu,1
asli sayang banget pdhl meski tampil jelek aku tahan biar baca gratis kalo suruh login terus tiap kali mau masuk ada foto fufufafa jadi males banget ken ku uninstall aja,0
latih angkasa yudha 2024 kogasudgab alpha matang susun tugas strategi palagan operasi,1
takut tanya koq fufufafa jadi waprss,0
emang biadap fufufafa,0
gw kira foto fufufafa untung ngga,1
tuh kan lihat harus kampanye soal bebas palestina kek malah ngurusi fufufafa paan sih mau mau masuk surga kayak ndak serius,1
wkwkwkwkwk bangsat fufufafa dimention,1
arah fufufafa bisa jwb arah stafsus nya jawab,0
gass terooos pen liat w responnya nikitong mirjani kek mana,0
allah si fufufafa kenapa tweetnya aduuuuuhsakit perut mules baca dokter ahlipsikologi bantu jelas aku dong prihal prilaku ini,1
apa tiba tiba fufufafa,1
orang udah bilang 99 999999999 siapa fufufafa kok paham,1
sebenernya tuju tuju aja sama pa prab nya mh da cuma ntu fufufafa ganggu,0
telat,1
tau fufufafa buat adu domba nyata malah makin mesra pak basuki angkat jadi ketua oikn makin blingsatan dah kubu otak belah,0
yeah aku tau itutapi kamu tau wakil presiden mu fufufafa,0
isi fufufafa,1
tantang buat integritas warga jateng menang asa sgt indah apabila bs kalah kalo kalahya wajaryg lawan mantan kuasa dan kuasa,1
emang lucu laku fufufafa,0
jadi fufufafa si raja sange knapa bilang sja,0
dunia maya fufufafa ngak jauh jauh susu dunia nyata bagi susu idola projudionline memang banget,0
fufufafa moment,1
fufufafa anjg,0
dosa apa nih republik sampe pernah punya presiden bin semua pihak seperti biar sama si binti korupsi dah eeeehhhh sekarang malah anak si fufufafa binti pilih jadi wapres apessssssss dah nih republik,0
kalo aku msih paham krn emang habit ny sy sayang pak ikut alir air kotor pengap nya gorong2 yang biasa jadi tempat main nya mulyono,0
kalo lu mimpi horor isi ttg foto prabs fufufafa jadi angker tanda apa kack,0
fufufafa maju nyusahin orang pas udah menangin curang makin nyusahin,0
gus fufufafa aja lebih cocok,1
bc1qyl7uqwacgzrd033nw4hr0t76vhas6xulurqzj0,1
kan biaya makan utk buzzerp asal uang judol iya alias alias abu fufufafa,0
klasifikasi,1
fufufafa hilang terbit budi arie,1
fufufafa jangan bicara 1 paragraf jawab tanya cuma butuh 1 kalimat pragmatis aja bisa,0
sini lo njing gw ngumpet sini gw ladenin,0
saat naik fufufafa,1
presiden x fufufafa,1
fufufafa suka,1
basi anjing fufufafa judol korupsi gula korupsi hajiending pikirin dulu,0
fufufafa minggir langsung presiden,1
enggak makasih mending kejar hyo fufufafa,1
budi arie ditanyain akun fufufafa anggota dpr,1
nih fufufafa,1
jangan lupa akun fufufafa cari milik,1
main fufufafa usak rakyat,0
budi arie cecar soal judol pinjol amp fufufafa raker komisi vi dpr republik indonesia budi arie sendiri pernah bilang fufufafa bukan maksud netizen tidak ungkap publik akun balik fufufafa,0
gak usah pegang fufufafa,1
produk politik malaysia hasil pimpin revolusioner orator kancahinternasional produk politik indonesia hasil fufufafa tidak berani bicara bahkan jawab tanya wartawan,0
fufufafa kagak bakal berani ketemu mahasiswa hahahahahaha,0
keren pak lepas bapak jabat memang jadi kacau balau harap harus bapak tetap jabat rakyat benar2 rasa manfaat pajak bayar,0
gaung terus isu fufufafa,1
y mang dukung fufufafa bahlul bela mati2an tp gk mau sama awokwokwok,0
iya emang keren fufufafa bin,1
bela fufufafa nama aneh aneh takarok mutsvanagenerasi baru gemg solo,1
fufufafa,1
tuju nih ungkap kalo perlu tangkap milik akun fufufafa hina presiden sekaligus coreng martabat wapres sampe kapan sih mau didiemin,0
fufufafa judol rusak semua,0
masalah besar hadap belio mu bukan soal taktik amp strategi gimana redam ego main bintang sengaksengak sana,1
telpon keluarga fufufafa aja wo,1
fufufafa gimana tuh,1
normal emang makan 11k cuma semua serba mahal sekarang garagara presiden lu si wowo wapresnya fufufafa,0
tuyul megang kartu atm sih,1
pimpin punya skill komunikasi sejak jadi wapres berapa kali fufufafa mau wawancara dasar iq 78 lu sdm rendah wapres ipk 2 3 lu dukung kaum dongo dukung pimpin bisu budheg,0
kontolodonnn najis banget fufufafa,0
lebih baik sih bakat selalu hina keti balik akun fufufafa,0
sengaja min biar mau login liat foto owo fufufafa,0
udah wakil presiden indo fufufafa yaelah aja gebrak dunia,1
fufufafa anak haram konstitusi,0
jurnalis fufufafa tv,1
kobisa ngatain fufufafa pdhl lo ibarat 02 voters in kpop,1
fufufafa senang mbibsaaaangat senang,1
dosa buzzer beratkarena sebar fitnah bodoh publikdi hati km hai buzzer aku yakin km sadar kalo km laku sebenernya salah km jg tau kalo fufufafa bapak keluarga golong adalah jahat negara km,0
fufufafa adalag ngapain pasang orang aneh wowkwowk,0
aja bahas fufufafa berak kelar2,1
pantes tiap buka profile user x selalu muncul followed by damon fenomena apa,1
yeu mending suka baca kek fufufafa noh,1
mirip tay tawan actually fufufafa slightly kayak tay tawan sangat sedikit mirip najis gamau sih gw dimiripin omes bansgat tp kalo ini bnrn ckp kea taytawan tp bibir beda soal kalo tay bibir lucu kyk taehyung amp do tay tawan cowok,0
mending daripada fufufafa,1
suka suka dukung fufufafa aku kalau wapres anak muda cuma berani pasar kampung tdk punya nyali kampus2 smtr masalah anak2 kampus banyak,0
prabsky sama fufufafa malah pake algoritme influencer tiktok hasil,1
syukur balik gudang bayang klo jadi jalan,1
usut mungkin alir raja bual pangeran fufu jet fafa,1
fufufafa ahli susu,0
muse fufufafa aja,0
rakyat indonesia rugi besar orang spt fufufafa layak jadi pimpin,0
komen buzzernya fufufafa diam emas emas kuning kuning lanjutin sendiri,1
cemen berani qkwkwkwkw ngatain fufufafa,1
catat hari fufufafa,1
tinggal ngajuin kata pantes wapresmu fufufafa,0
tergiang ngiang ayo ayo ayo ganyang fufufafa,0
tweet seharmless masih aja salty dasar warga wapres fufufafa ipk 23 gasuka baca liat orang ajar kosakata langsung tantrum wkwk yang fucked up tuh u yang salty gws deh,0
hahahahah kaya fufufafa,1
pasti ngelikes orang voters fufufafa,1
fufufafa sibuk bagibagi susu susu syah syah,1
gus sulfat bin fufufafa,1
minat sulap bisa bikin amnesia soal fufufafa,1
wts wtb ready weekend aplikasi premium murah garansi bstation canva capcut chatgpt disney hbogo iqiyi netflix prime vidio viu vision wetv youtube p diddy fufufafa nurul mega bobby presiden abidzar,1
pakai teks pidato gabung katakatanya si fufufafa kan isi sesuai dgn suara hati pikir orisinil ayo ungkap suara hati lepas bulu hidung sdh merontaronta tuh suara,0
anjir ipk 1 9 aja banyak bisa ngomong depan umum fufufafa fufufafa,0
sekali bapak nya fufufafa hancur seluruh,0
fufufafa parasit bangsa bangga dngn anak muda cerdas seperti fufufafa anak haram konstitusi narkoboy suka bokep,0
takut dibully sama fufufafa haha,1
otw send a song to fufufafa,1
tidak mungkin tangkap lahpenangkapan komdigi cuma gimmick doang buat nyenengin rakyat biar bilang action nya mau aja kibulin fufufafa,0
hmu tmi minggu abis beli 2 volume tshdrcbyf yaw,1
suruh masuk brand2 mobil amerika,1
ni fufufafa bukan y,1
si fufufafa beler bocah nepo kira2 kapan yaa blusukan kampus2 kasih kuliah umum sbg asupan positif utk mahasiswa indonesia klo perhati dr dulu skrg kayak si beler bs jauh dr nama susu,0
bikin malu aja dsr fufufafa,0
ngegoreng fufufafa,0
haha bisa lapalin alquran fufufafa nekad ayah,1
try fufufafa tell me the results,1
mngkin fufufafa khawatir keluar kata susu,0
jaerose shipper shipper ter fufufafa panjang masa kalian kalo mutualan sama tapi tumpang kapal bub aja bub,1
sengaja biar digosipin warga,0
padahal klarifikasi manusia mamalia alias hewan cuman unggul cerdas aja,1
ava biru keti fufufafa hebat,1
muka lu aja gakjelas ngedoxing orang sana sini pake fake akun apa malu lama lo lindung akun fake lu gakusah sok sok an ngajak ketemu jamet lo se spesial buat habisin waktu tidak beda lo sama fufufafa,0
g tau ngomong bukan dunia dunia fufufafa bahas bejat2 kan,0
gila tl gua isi kl masalah ham kl kdatau selingkuh emg sejak fufufafa landa gua asa jurnalis narasi,1
coba liat konten2 fufufafa banyak,1
budie arie periksa fufufafa akan kuak,1
msa trump disamain sma fufufafa,1
dr mulai kaskus dulu skrg kayak bs jauh2 dr nama susu kira2 kapan yaa si fufufafa beler bocah nepo blusukan kampus2 kasih kuliah umum utk mahasiswa,0
susu favorit fufufafa,1
radarada emang heroine satu rasa ken gaplok aja,1
punya utang bayar di hapus bukan arti lunas kamu lebih tolol fufufafa,0
ada,1
tetangga masa gitu lucu buat tonton mas adi,1
anda punya akun fufufafa rakyat biasa pasti langsung vonis 10 th penjara,0
ngemeng ngemeng kamu bakal milih rk yang so far so good,1
nih 2 anak muda cerdas dpr,1
baca novel nder biar tambah kesel,1
polisi payah,1
fufufafa,1
fufufafa di tindak lanjutin,0
kpk bs jadi fufufafa nyata,1
kopong banget otak lu bilang amerika pasca milu baek baek aja lu history amerika 5 tahun lalu aja gatau sama sekali otak kosong tahu sok sok lu ngomongin amerika emang buzzer cenblue idiot rata rata punya malu anjing,1
iring dgn kuak jejak digital fufufafa orang2 dekat normal makin muak amp jijik dgnnya trs virallkan,0
fufufafa citra,0
lg mikirin fufufafa,1
tunggu,1
iseng search fufufafa pertama udh begini,1
sama kaya indo kemaren bang malah milih wowo si jahat ham fufufafa ngacak ngacak konstitusi ipk 23 kalo wawancara wartawan selalu kabooor kaya org bisu bisa ngomong inisial gibran,0
wkaowksowkwkwkwkw gmn panit kpps gw bete semua liat fufufafa wkwkwkwkwkwkwkwkwk,0
gibranfufufafa08975028233sakit jiwapsikopat tenangjk konsomsi obat tenang pkrjaan hanyapencitraan maniakkbokep penddkan hanyasmp terindikasinarkoba wapresindonesia emang rakyat indonesiang warass semua,0
budi arie tangkap fufufafa ungkap jadi fufufafa mati2an jaga budi arie,0
sambut fufufafa assalamualaikum warohmatullohi wabarokatuh dah yadah wassalamualaiku warohmatullohi wabarokatuh,1
anjing fufufafa enak aja kau bilang radikal radikul junjung lo tu fufufafa kalau ngetik homo lah biji tinggal satu lah presiden baru radikal,0
lah lu mau gimana fufufafa kan goblok masa mau suruh temu luar negri mending ketemu sama rt rw aja bikin progran sensus janda bohay,0
cuma ken tau aja klo fufufafa terima kunjung intl gtu kirakira omonomon apa dh ama wartawan aja lengos apalg ama model gtu dh,0
ga yang bikin thread kumpul anti majang poto fufufafa,0
saya juga emang administrasi bidenharris amerika jelek aja tambah harris sikap kayak pro genocide padahal megang kuasa atas administrasi amerika ini minoritas banyak milih jill stein or even trump dearborn trump menang,1
kok kalo tanya wartawan ngeles mulu si fufufafa,0
berita judol benar2 kubur berita fufufafa uang korupsi 1t,0
kerja fufufafa,1
nih amerika pas abis milu american dream my ass cenblue idiot tahu lu amerika aja nol besar so soan bawa bawa amrik tiap komen idiot,1
tanggap fufufafa,1
judol tom lembong benar2 kubur berita uang suap 1t fufufafa,0
bayar gajine karo godong telo,1
dih cuan centang biru level sama receh uanh udah banyak mah cuma reply sesuai nyata kalau rame rame bukan tuju daripada lo cuma sembunyi balik keyboard pake fake akun ngatain orang lebih bagus fufufafa,2
ikr penting wapresnya kelas fufufafa,0
3 periode peran anak karakter persis fufufafa cuma topeng perintah baru isi perintah baru tuju dinasti kuasa negeri,0
pro judi on linenya ud tahu si darto helm kw jubir fufufafa jadi duga,0
jadi inget postingan fufufafa soal syahrini,0
sebencibencinya sama fufufafa prabowski dkk lebih benci sama cringefest satu,1
pas gin lagu fufufafa jokowi adil masa rezim kalo kaga mah banget,0
yee lu pikir kyk seleb abis kena scandal mau jawab fufufafa jabat publik lu masuk target layan publik dia wajib ngasih statement jurnalis,0
jadi ngapain fufufafa situ bikin rugi negara aja,0
kombinasi idam indonesia emas subscriber story exclusive girl x judol boys 2 2 nya coblos fufufafa,0
fufufafa tlh mrrusak mental adab bangsa,0
takut ceplos pengin susu bukan bgtu fufufafa,0
fufufafa bilek,1
lempa kosong dukung hasil nya lepas musibah 10 thn lewat gorong2 skrg lgi punya terus anak haram konsitusi bansos ugal ugalan ini fufufafa,0
aneh tidak bakal jadi presiden jkw fufufafa eh jadi mau nyingkirin sebab jadi presiden suatu hil mustahal wowo,1
citra fufufafa,0
aq abis beli proyektor bagus nih buat nonton film pasang kosanmu aja biar bisa chill bareng,1
mobil fufufafa,1
gempar jadi idola baru masyarakat indonesia pintar cerdas netizen harap gandeng verrel ganti fufufafa lambe waras masyarakat indonesia tuju,1
fufufafa alias slamet alias samsul alias bin alias jokowi,1
fufufafa sangat cinta takut presiden negara2 maju,2
kalo monyet ngomongmungkin lebih pasih fufufafa,0
bener buaaangeet bahasa nya fufufafa pas sama buaaangett,1
gue kaga mood review artikel baca tadi sama kemarin bjirr semua fufufafa lewat tl hari 5x lebih semua bikin jengkel arghhh salah apa saya dapat mang bijak begini di usia gin,0
fufufafa mending jadi pro player aja deh,1
kt ono silah klo mau main boneka mobilmobilan sm fufufafa hutan senayan gtu ktnya ceboker,0
gw emang anti fufufafa tp jgn kait sm main game donk bang lik aja tabiat buruk,1
perlu bongkar segala macem2 teori jelas kok siapa si fufufafa,1
at least wakil ngga kayak fufufafa,0
emang bangsat si fufufafa siapa balik akun harus usut di adil,0
fufufafa pik sabnarkobius,0
suruh rendem tengah malam sungai tidak mampu fufufafa bukti acara belum fufufafa plg duluan mau konsumsi takut tahu badan sdh nagih minta,0
isi otak tuang akun fufufafa,1
mr budi arie dapat harga fufufafa awards,1
mantap tuh kl fufufafa hancur,0
fufufafa senang susu mau bagiin susu gratiiss,1
parah banget kamu kena dt moga kirim dt kamu malemnya mimpi fufufafa sama wowo jomok yh,0
ini bukan satu orang sangat fufufafa dua loh trump aja sempet banned twitter kasus january 6th,0
masa orang jurnalistik tulis ancur kek tai mencret orang ajar jurnalistik telah ajar dasardasar linguistik paham eyd bare minimum dalam jurnalisme buzzer idiot kira semua orang nyablak ngaku siapa,1
anak ng warassngotott paksa handle wapres gibranfufufafa08975028233sakit jiwapsikopat maniakkbokep penddkan hanyasmp terindikasinatkoba otakkzonk wapresindonesia emang rakyat indonesiang waras semua,0
biasa warga fufufafa,0
amerika 4 tahun diacakacak bidenharris langsung muak pilih indonesia 10 tahun diacakacak malah rakyat lanjut sama anak si fufufafa beda kelas emang,0
betul jangan serang partai dukung fufufafa,0
emg pimpin fufufafa hahaha,0
fufufafa segera ganti,0
wts wtb ready weekend aplikasi premium murah garansi bstation canva capcut chatgpt disney hbogo iqiyi netflix prime vidio viu vision wetv youtube p diddy fufufafa nurul mega bobby presiden abidzar,1
sembah fufufafa on duty,1
jadi ngikutin gaya fufufafa seram amad,1
karna nggk pintar bicara pintar cuma bohong hiding drama rakyat and omon2 nakal fufufafa,0
fpi gelar demo 411 tuntut adil fufufafa tangkap senin 4112024,0
hadeuuhh fufufafa banget dah,1
foto presiden udh ganti jadi fufufafa,1
dasar fufufafa otak cabul,0
coba minta fufufafa kembali barang milik indonesia curi inggris,0
drpd nuduh mrk radikal n ancam2 mending buktiin aja kerja bener ni rezim jgn pura2 tau knp byk masyarakat suka fufufafa fufufafa udh jadi lucu2an sekolah2 kl cuma bisa blusukan bagi2 susu jgn aneh kl masyarakat makin olok2 ni org,1
kembang judolsama pinjol,1
fufufafa di mamarika yaa,1
ava siapa tetep warga fufufafa,2
fufufafas curse,1
level fufufafa cuma kurang canggih alat,1
dah g sabar megang kuasa apakah wowo suruh mundur lalu kuasa pegang fufufafa drama yang jadi,0
citra citra laku ada serang fufufafa,1
mau ngejek org us tp wapres sendiri fufufafa,1
ahh masa fufufafa kayak gin percaya ah,2
tom lembong is a great mind thx up rekam jadi liat bagus speech mrlembong bayang klo fufufafa tanya bgitu dadak koprol paling,0
jawabane flat khas fufufafa jabat karbitan,0
akal akal syp dah si fufufafa mirip tawan,0
malaysia 200 0 fufufafa,1
pak sekali tutup webaplikasi judi online webaplikasi pornomesum prostitusi online kasihan anak bangsa bila papar negatif struktur sistematis amp masif khawatir jadi fufufafa berantas sakit lama masyarakat narkoba,1
yatrack recordlah istilah kalau mas pram banding debat bilang kalau saya rk dua banding mas pram yang lebih hebat kita dua ujar rano bagaimana kutip rabu 6112024,1
logika lebih cerdas pinter samsul fufufafa kalimat tulis jauh lebih perinci mudah paham tulisancuitan fufufafa,0
lalu guna usut fufufafa ap,1
yahudi pesek,1
tidak minta dukung penjilat2 fufufafa cok,0
lg citra apa kampanye tp milu lama rehabilitasi nama tp percuma nama fufufafa bisa baik tp adil hukum subyek biar lihat kerja cerdas tp bukti iq nya sampai 78 jadi mau diapain aja tetep aja gitu,0
memang iyapemilik akun fufufafa milik anies basedankok siapa coba orang sanggup hina depan orang ingat waktu debat 11100 sudahlahanieskau sampah,2
di suruh pegang susu cepet si fufufafa,0
fufufafa homophobic,0
fakta anies dateng acara belum menang jadi gubernur dateng kaya jokoway praboroy tetep suka sama ngakunya ahokers rangkap ternak fufufafa,0
hapus fufufafa hapus psn hapus korupsi politik stabil juga naik,0
si kontoll lewat terus dibrandakudiakan ayah anak gugat btas usia cawapres si fufufafa lenggang,0
kalo bener lu beli 120 goblok sih investasi bodong,1
kalo fufufafa kubu apa satu kubu bela tidak bela,1
dukung fufufafa emang dungu unlimited,0
anjing rame banget feed gw klo up fufufafa hina hina bajernya sama kuat pro sama kontra,1
kemudian bicara pm singapura si fufufafa heyyyyselamat km udh jadi wapres pd km kan tamat tara smk negara dan si fufufafa jawab iya semua atas jasa om aku di mk amp si tukang kayu,0
percaya sama kapolri dari tatap nya tidak jauh beda fufufafa,0
kasus fufufafa jadi liat mending jir padahal duaduanya turunin aja samasama jelek,0
coba tanya si monyet hitam vini jr,1
jabat laksana si fufufafa makanya milih wapres mateng,0
periksa aja udah main claim claim biasa kominfo tanya fufufafa bilang pasti bukan belum selidik,0
sama kayak kasus fufufafa dong yah ngaku,1
eh jadi vance fufufafa deng pernah nyindir trump jadi wapres jadi baik trump atau vance sama sama fufufafa,0
wkwkwk fufufafa,1
2030 indon bubar nyata sendiri bikin krn bagi fufufafaawokwokwok,0
fufufafa buat apa bongkar emang pak rasa rugi akun sebut,2
iman imam fufufafa entah alir agama darimana,1
wakil presiden as pilih jadi vance jadi wakil presiden muda 3 panjang sejarah as usia 40th mirip2 wapres beda wapres as lihat smart sekali fufufafa lihat beler sekali,0
baru beberapa minggu gw udah lupa kalau wapres adalah fufufafa i had to remind myself by reading tweets about him,1
anjing malah lebih mulia manusia ada fufufafa apa dinastiap anak bejat semua,0
ipk 23 kerja cuma buat fufufafa,0
wkwkwk ikhlas banget klo fufufafa pindah sono,1
wts wtb ready weekend aplikasi premium murah garansi bstation canva capcut chatgpt disney hbogo iqiyi netflix prime vidio viu vision wetv youtube p diddy fufufafa nurul mega bobby presiden abidzar,1
bu menteri baru mungkin bongkar siapa fufufafa judol menteri belum gabisa ungkap,1
udah start kampanye presiden fufufafa nih,1
mirip fufufafa jg tweet2 nya jaman dulu wkwk,1
lah wapresnya aja nge ewe sofa mending fufufafa mah,0
paling ia bukan maling kaya fufufafa dudukung mayoritas orang jawa rasa akibat,0
bacot bot tolol buzzer fufufafa rot in hell kontol,0
rakyat menangin fufufafa what do you expect,2
eh jadi vance fufufafa deng dulu pernah nyerang trump jauh jadi wakil dia jadi baik presiden wapresnya sama sama fufufafa,1
kangen aiden kerja mulu ai kek fufufafa lu ahh,1
mending goyang fufufafa dah kata gweh,1
malah lebih bagus public speaking ponakan baru kelas 3 sd banding si fufufafa,0
liput kalo fufufafa tangkap,0
nah,1
jadi fufufafa sebenernya siapa si,1
ganyang fufufafa ayo kita ganyang fufufafa idk wtf am i even saying anymore,0
trump menang gold nyungsep,1
indo fufufafa amrik trump buset dunia mau jadi apa,1
wkwkwkwk kelas juga foto si fufufafa ditaro tau pajang,1
fufufafa d tangkap,0
ayo pak jgn lg fufufafa amp gerombol rongrong pimpin bapak,0
statementnya nyelekit tp realitanya,1
wangi dah tu rambut,1
lebih tepat boneka bapak si fufufafa,0
beliau masuk baby sitternya koq terima pimpin negara si fufufafa,0
pak habis fufufafa amp gerombol bocor bocor bocor parah nih pak president,0
ntar fufufafa datangin skolah2 buat buku tulis susu,1
cerah,1
fufufafa awards,1
hancur indonesia gara2 si fufufafa,0
tidur,1
sooo many things to say tp cok wakil gua fufufafa anjenggggg,0
terus bilang apa bang biar cuci tangan terima kasih ganyang fufufafa,0
fufufafa slamet slamet turun pak mulyana tanya anak fufufafa cucu turun pki,1
suruh ajar adab sama klo forum tuh si fufufafa,0
justru keburu sdg rasa skrg karakter kelusrga besar mencla mencle mngusung si fufufafa ikut pilpres,0
pasti satu golong ama bela koruptor,0
ganyang fufufafa sekarang,0
halah fufufafa aja skrg kebal hukum,1
ken dengar fufufafa ngomong apa,1
kalau budi arie tangkap satu gang fufufafa goblok medan kampanye ono medan gemetar,0
kalo fokus character assasination bahkan asasinasi beneran introspeksi diri ujung akan menang sama kayak indonesia mau trump jahat perang bisa balik overhate tidak pernah bagus justified,0
sini malah fufufafa,1
salah satu yang paling kesan masa pimpin donald trump periode pertama 20172021 asi games 2018 indonesia moga pimpin presiden trump periode dua sama di periode pertama depan visi damai dunia,1
percaya bu omon bacot boneka bapak fufufafa,0
fufufafa emang kosong songong,0
fufufafa si jabat ilegal anak si tipu ijazah palsu tokoh usak negara hutan rusak pasir pantai rusak uang negara rusak pandai generasi terus merosot sistem haji rusak tatanan atur negara rusak mental juang jendral rusak,0
gue udah nyatok ajg padahal blm mandi terlalu banget lupa,1
ganyang fufufafa,0
negara sendiri aja morat marit wakil fufufafa kok ngeribetin negara,0
ngejar apa sih,1
ngga fufufafa sekali nnaama akun kak,1
sayur fufufafa,1
yuk bakar bakar rumah,1
beda apa knapa satu tangkap ini gak,1
emang pidato kalo akun fufufafa si bisa yaa liat,1
pls change fufufafa and prbws hearts phantom thieves,0
iya kalo km macem macem sm aku km suruh adu tatap sama fufufafa lama 15 jam,1
hahay tebang pilih nih siapa tuh di tiktok langsung tahan,1
jangan gua jadi sangka akun fufufafa,1
negara fufufafa versi 20 selamat gabung,0
fufufafa lah senior banget akun,1
mutya coba sidik amp periksa milik akun fufufafa pasti siapa oknum tsb siapa amp apa jabat mutlak di ungkap sdh resah public indonesia tidak hanya mendugaduga sampai tuduh posisi wajib ungkap,0
wkwkwk ken ngakak liat twitan buzzer dongok satu anies lu bilang fufufafa woi goblok otak lu dipake goblok wkwkwk,1
fufufafa udah masalah semenjak calon masalah lebih krusial soal tulis cowo beler kaskus org2 tetep milih kan emang pilih bego aja wk,0
benar jawab mudah ketika jadi suksesi tengah jalan ada tameng2 lindung fufufafa banyak amat belum ke sini analisis,0
ngobrol sama guru smp ku trs ngikik ngebayangin tiap hari liat fufufafa kelas makanya blm pasang sampe skrg,0
ayooo ayoo tangkap fufufafa tangkap fufufafa sekarang,0
jadi fufufafa,1
perdana menteri malaysia pernah perdana menteri 4 ke 7 malaysia tun mahathir,1
aduin fufufafa,1
tuju tutup pinjem masuk koperasi mekar milik bapak fufufafa,0
nih contoh mirip mirip lah ama fufufafa paling kocak tuh dia masalah hubung kristen stewart robert pattinson,1
bu dokter knp pa ps diam soal fufufafa,1
ngibul gimana fakta bnyk omong kalian coba tuh fufufafa kelompok kalian puja,0
mimin nerima keluh rakyat copot wapres mending pak solo rank indonesia pada tim sama dark system udah engga meta pak sendiri udah full item apa ada skypiecer,0
sebenernya orang gk pilih pak kemarin yang pernah dukung beliau 2019 2024 gk pilih beliau ada fufufafa nah fufufafa duga yang mulai geng 08 yaudah ceng in aja terus fufufafanya sibuk moleh diri sendiri buat 2029,0
justru trump yang benar fufufafa coba liat twit twit yang lama dan dia jadi presiden 2016 bahasa fufufafa banget,1
rencana firaun jawa ingin kuasa nkri mati gagal 3periode jgn heran semua saing di eliminasi ambisi utk kuasa lanjut sama anak fufufafa idiot laku tabiat jauh beda so only one way revolusi people power thats key,0
gelitik liat orang indonesia marah marah soal trump pimpin prabskuy fufufafa,0
pake jurus fufufafa,1
fufufafa si otak jongkok wkwkwk,0
makin yakin siapa fufufafaga jauh syusyu,1
arti si fufufafa jangan diangggap biarin jadi sales makan siang gratis,1
dpr cecar budi arie soal judol komdigi amp tantang buka sosok fufufafa,0
bakal stresss berat nh matdak si fufufafa dpt tekan bathin mo kasih sambut,0
tanya orang amerika milih trump tanya orang indon milih fufufafa,0
buat apa ngikutin beliau telah tau dukung fufufafa,1
allahu akbar,1
gw dapet presiden langgar ham wapres fufufafa terus dunia bakal setir sama manusia oren kenapa gw ikut derita gw tanya,0
akun parodi sih,1
kata mending ngurusin orang indonesia milih fufufafa sih,1
anak tetangga gin duduk depan rumah tiba tiba nyanyi ayo ayo ganyang fufufafa,0
bu dokter laen skrang udah move on fufufafa,1
duuuhfufufafa,1
beneran pikir kalo kamala lebih baik trump pantesan wapres lu fufufafa,1
army nctzen war fufufafa nambah 1 periode,1
fufufafa cuma ngikutin publik spiking bokap nya,1
ragam sorot warga net nyang nyorotin pik judol jagung kpk ham esemka mereka tetap gk bisa tinggal lupa jejak fufufafa why kunaon opoo,0
luh pak hina akun fufufafa luh malah diem aja kaya patung,0
damn voters 02 nyata aware issue fufufafa tp denial jg alias garagara kowe cok,0
bain fufufafa ampe gin lho,1
mode andal cingak celinguk plonga plongo kok ada nyeletuk fufufafa di kerumun pasti epic,1
kok belakang fufufafa orang sama sekali kirain cuma sorot kamera nyata sampe tiang bangun cuma ada wartawan,1
kau yang tolol anak lonthe,1
salam fufufafa datang duduk diampukul gong itu bisa,0
coba buka twit twit yang lama yang baru aplikasi truthsocial bahasa sangat fufufafa banget,0
kalo makruf amin,1
fufufafa ciliparisemua org solo tau cilipari nama cathering gibranjgn bodoh rakyatbagi org solo fahamjdi g usah ditutup2i lihat sorot mata sja tau klo program berantas narkoba bakal tangkap fufufafatau kan,0
fufufafa anjing,0
kalo tanya udah makan nah baru dah tuh serah si fufufafa mau jawab apa kaga jurnalis konyol kali buat nanya2 yang tidak hubung sama posisi as wapres jurnalis bisa bedain lah wawancarain jabat sama artis ibukota,0
nyala wapres baik benci sakit hati semua hahahaha binatang anis pada sakit jiwa hahahahaja,2
fufufafa,1
kau binatang terlalu dungu tolol otak kau tak mampu,0
ayo ayo hanyang fufufafa,0
fufufafa tdk aku rakyat negara,0
cuekin aja begoooo ngapain fufufafa dikerubungin,0
nama panggil fufufafa nama asli,1
begitu klo otak amp mampu batas fufufafa,0
lucu drama woy asli deh drama fufufafa aja kalah,0
lah emang sejak kapan fufufafa pidato beri sambut,0
sekolah gua apa gamau jadi frame fufufafa jatoh patah gitu,0
yakin gw jadi presiden 2029 udah setting awal makanya kita tenggelam gaung issue fufufafa terus jangan sampe tenggelam,0
l bestie pasti bukan dukung fufufafa hahaha,1
knp nih et,1
wapres fufufafa tak beri sambut buka mtq korpri nasional said didu begitu kerja boneka oligarki,1
pa issue fufufafa segera la putus bapak,0
sembah fufufafa,1
demokrasi lahir sosok2 hitler fufufafa trump,0
istri kadang suka keramas pakai mama lemon aman dok,1
public speakingnya jauuuuuh banget sama fufufafa fuck lah biaya triliun cuma dapet model begitu,0
we have fufufafa,1
andai kena moga nyanyi ttg fufufafa,1
jiah sembah fufufafa sok2 bicara attitude lu mirip lu lama apa jgn2 lu beti kolong jembatan baperan beler yukasal iman,0
fufufafa sekali parodi,1
punya wapres kok tolol kek fufufafa hokya hokya,0
hadeehhh buzzer bangkai fufufafa mau mek up bagus apa kopong yaa tetap az kopong,0
fufufafa lah,1
baru tau nih kuis fufufafa,1
satu lg bkin w salfok parah soal fufufafa d gc nmr ny konon ktanya fufufafa ada namain cust syahrini kuta ini jdi tanda tanya buat aku,0
fufufafa kerja klo blusukuan je proyek orang bagi susu,0
nyata kuat yaaa pak waspada fufufafa amp gerombol jadi picu bubar 2030 bocor bocor bocor parah nih pak,0
satgas sih bener hasil fufufafa,1
kalo sih si fufufafa usah diliatin makasih banyak nemo,0
fufufafa paling bajing sedang mendesign citra,0
gak bs ditangkep krn temennya rafi amp fufufafa,0
paling lepas dipakein macem2 alas fafifu wasweswos fufufafa abis anyep,0
klo teroris sy percaya tp klo fufufafa baru sy percaya,0
pikir aja dllah kl ada kerja,1
bud kalo fufufafa biar terus citra yakin aja jadi presiden rakyat indonesia makan gaya blusukan citra susu baju sembako,0
dpp udh dapet matkul stratekompol kalo masa depan jadi jabat bs ngomong kyk fufufafa gw pukul dah,0
nikmir wulan guritno dewi persik ari lasso,1
kl cuma nny2 pasar tidak ngasih solusi brp harga cabe kilo skr brp harga sayur sawi kilo brp harga bawang merah 1 kilo mending suruh anak sd aja hbs bikin lapor fufufafa,0
banyak yang panggil pakai nama kota ngawi ambon asal sana yang panggil koya suka ngibul yang panggil kayak tokoh sinetron,0
goblok bukan bablas koreksi nyata jadi era otak jahat fufufafa kamu bayar berapa tutup busuk jadi era jokowi,0
pinter banget blusukannya daerah2 mungkin gatau soal fufufafa sama sekali idk never underestimate the power of stupid people in the large group udah bukti bapak kan,0
double standard terosss bela islam tp support demokrasi fufufafa pahlawan demokrasi fufufafa pembrantas korupsi,2
normalisasi goblok hasil fufufafa,0
trump hampir pasti menang janji tetap dukung israel tumpas teroris waharab pesek kecewa berat seperti kecewa imigran idola nyata admin fufufafa,0
ngopi bengong teras ngerokok soal bukan okok,1
x land menang beda andal fufufafa toktok asli mantan amp anak,0
as much as i hate these 2 people fufufafa is nowhere near trump trump a very successful businessman itu pinter lihai keputusan2 yang bau ekonomi mayoritas were very good unlike fufufafa achievement apa sih bisnis makan aja gagal semua lmao,0
benar sambut cukup tuang ada kepala dlm kata2 jadi natural atau tuang poin2nya dulu catat spy lupa dulu si fufufafa juga begitu natural sekali cermin karakter asli kata gusdur gitu aja kok repot,0
untung punya tetangga,1
cobq qpa tanggap jangan mingkem mulut kau kalau bisa jawab tanya lah sm junjung mu atw tanya sm fufufafa,0
diskursus split bill pertama era perintah fufufafa,0
si fufufafa bener2 licik tau manfaatin sorot kamera citra ketelen pesona nya lagi2 rakyat miskin bodoh parahhhh masa 2029 asih jadi presiden,0
mending yang jadi wapres muda bakat bukan fufufafa,0
lu siapa men mau 100k kalau lu sampai tarik engagement naik sendiri kali aneh banget dah ngetweet matokin rt gin segitu mulu orang benci fufufafa jadi males aja,0
fufufafa us ver otw,1
gak yakin si fufufafa fasih gin englishnya,0
kata mah jangan banyak bacot punya presiden jahat ham wapres fufufafa by popular vote tara electoral college malah kalo liat tara electoral college gelap total peta elektoral indo,0
nama panggil fufufafa,1
inti kek gin bakal apple store harga iphone tekan 15 pro 128 sg 17an juta begitu jual resmi ikotak jadi 21an jt,1
emang begini cara parah temennya sambo mulai obral bansos beli suara rakyat caracara pilpres pakai bodoh rakyat,0
fufufafa nama asli malah gibran,1
ha siape aneh banget ni negara,1
lereng gn galunggung kandang hoorrraaaa umum konstruksi haha,1
good lah moga aja wapres ina dipinjem pak donald buat bagi2 hot dog wilayah pecinan sono kann bafuck nya si fufufafa kenal orang chayna gitu,0
kmren aplikasi kndang simpanse fufufafa kata roy suryo mereka percaya,0
bukan lu fufufafa,1
kalau lo tahu 2014 sampe kemaren konsekwen milih lihat tweet ada yang nyerang cuma mau recokin mantan presiden gagal kasihan bebanin banyak tri masalah lagi bongkar kasus fufufafa duhh,0
it also very much applied in indonesia fuck generasi emas noh 58 pd pilih genocider n fufufafa,0
jateng jakarta buzzerp fufufafa buzzerp pedeipeh antem mulu,1
dek judol peran bawa jadi presiden 2 periode fufufafa jadi wapres beking wercok jadi benar bangsa perang lawan judol perang lawan elu2 jg,0
kalo trump menang election us bakal punya fufufafa moment sendiri,1
usut hukum jangan tumpul karna kawan sendiri pak ahok dulu hukum bliau terima hukaman tsb gara nista agama sekarang malah nama nabi d parodi jangan mentang dr parpol kawan serban putih mereka alih isu demo adil fufufafa pk jokowi,2
yg penting bagak ngerti aja deh si fufufafa,0
gak pengaruh wapres indo tetep fufufafa,1
capek banget senior kmrn abis bahas fufufafa skrg tom lembong allah maw beliin earphone pak capek nyetel yt isine roky gerung kabeh,1
pak wapres usut fufufafa,0
lah yaw urus sm jabat apa dah fufufafa banget,1
otak dgn batas sangat gimana mau ngasih sambut kalau bagi2 buku amp susu fufufafa bisa,0
fufufafa cuma bocah beler karbitananyingggg tololll,0
bangkit semangat gw kalo plan guling fufufafa,0
ganyang ganyang ganyang fufufafa,0
ikn aja med nunggu buka kena biar betetangga lwn fufufafa,0
fufufafa bin dukung banyak sini komennya lucu hibur,0
kek konsep gin diturunin si mul ngga heran klo depan bakal suka bagi2 lapang kek gni org awam bacot hnya batas dpt gift dominan lg utk si fufufafa 2029,0
maju terus pantang mundur lawan politik moelyono fufufafayg pakek panjang tangan jaksa agung,0
hahaha lho2 ada fufufafa bro mul kok di pajang,0
hoax koloni fufufafa,0
wts wtb ready weekend aplikasi premium murah garansi bstation canva capcut chatgpt disney hbogo iqiyi netflix prime vidio viu vision wetv youtube p diddy fufufafa nurul mega bobby presiden abidzar,1
public speaking nya bagus beda sama fufufafa,0
moga bawaslu tau,1
patah e iso nang ngono orang fufufafa tanggal tua hobi sebar hoax rendah minat baca jadi orang nomor 2 indonesia banding moh hatta,0
keren presiden el salvador jadi presiden pertama dunia beri ucap selamat atas menang donald trump pilpres amerika th 2024 anies mayor teddy lipstik bedak fufufafa,0
wapresnya jg kelas fufufafa,0
pakai nama raja raja apa asal jangan raja jawa satu dan fufufafa,1
biden mundur tengah tahun kamala maju ganti trump sudah sepuh debat akhir juga mulai lihat tua yang khawatir doi tutup usia tengah ganti fufufafa versi kulit putih,1
public speakingnya macam fufufafa,0
plotwist next pacara cowomu spek fufufafa,0
siapa buat niat banget dan fufufafa,0
mulyono fufufafa dinasti citra ditamba bobi,0
mulyono fufufafa dinasti citra,0
selamat ulang tahun kaskus 25 tahun terima kasih ada kita semua jadi tau aib nya fufufafa ipk 23,0
apa harap,0
anggota dpr satu suara tangkap fufufafa saja dulu tugas,0
weh langgar mosok fufufafa bilang monyet parah luu buzzer,2
kayak fufufafa,1
harus terima kasih sih sama fufufafa klo ken ngata ngatain wowo tinggal share ss postingan aja,0
njir bayangin pres wapres sini ww amp fufufafa trs pres us manusia oren kek trump mannnnn,0
pindah facebook iya lebih aktif facebook pandang lebih align sama orang sana buzzer buat konflik horizontal wtf asa juga malah kayak yang jaga biar konflik horizontal mah info a1488,0
paling jalan racun samo onoh terus fufufafa naik jadi presiden,0
gin nih spek suka fufufafa,1
dollar strong nih,1
amriki punya trump orang punya fufufafa mantap lah,0
wali kelas nya tiap ngajar liat muka fufufafa be like,0
tom lembong trending topic fufufafa kembali,1
tdk bukti bhw fufufafa adlh anies tdk bantah hari bhw fufufafa adalah bahkan detik pun milik bukti utk ban bhw fufufafa bukan ehh angkat isue fufufafa sungguh curiga,1
cpek2 ajar eee tau pilih model fufufafa ipk 23 bayang pra pakar ilmu guru besar profesor ketar tir tunduk lihat si mulyno,0
mamposlah kalian punya wapres fufufafa salah kalian lah tolol gara2 cuma dapet bansos ratus ribu kena azab dapet wapres fufufafa,0
lu mah mending lah depan fufufafa,0
pasuk tengah usia quarter life crisis kaskus mulai tanya tuju capai hidup wkwkwkwkk,1
malah kemaren pas michigan trump diendorse sama muslim community sampe naik atas panggung,1
rk ditumbalin pks campak padahal pks menang jakarta jdinya gimana,1
kalau cari spek fufufafa ku banyak begini banget sih bangsa,0
pilih kok spt ngga pede gtu yah,1
woy si bisa jadi wapres nabrak konstitusi rusak demokrasi langgar hukum btw langsung arti lo aku kalo fufufafa hati nurani emang tidak bisa bohong,0
akun alter fufufafa mana ini,1
tuju harus langsung pulang luar negeri dulu cari alam ikut riset kerja cari koneksi pas balik kesini punya impact lebih utk bangun contoh bj habibie kalo lulus freshgrad langsung balik mau jadi apa staf dpr staf fufufafa,1
nyata bodoh saing fufufafa cuma mending dikit,0
gue nanya anak bukan pake nama al kelas kamu foto fufufafa udh pasang mah di kelas udah anak lgsg nyanyi ganyang fufufafa ajar anak dar kecil ttg fufufafa,0
kalau fufufafa blm tuntas ah gumon,0
dukung fufufafa makanya bebal gin lindung sama samsul,0
ntar kasih cendol sama fufufafa,1
otakzonkkbisanya citra gibranfufufafa08975028233adlhsakit jiwapsikopat maniakkbokep penddkan hanyasmp terindikasinarkoba otakkzonk wapresindonesia emang rakyat indonesiagila semua,0
kabel sih detail musik lebih dapet,1
sudahsudah mau siapa presiden bukan presiden fokus ganyang fufufafa aja dulu,0
emngg nama fufufafa jelas,0
ngakunya di kasih nafkahtapi kok mesra kasihan tuch anak anak indonesia kalian rampas sejahtera korupsi manusia2 serakah punya malu moga kelak karakter anak2 kalian jadi fufufafa,0
perintah nya paham apa skatepark,1
mode klo mode fufufafa sajak bisa buat,0
kan emank susu tuh salah satu suka exepertise nya fufufafa boy susu peyoot susu montok etc,0
syudah,1
hadeh,1
sama kayak fufufafa iq saja sombong,0
benerbener wassalam yues punya fufufafa sekarang,0
halah dongeng aja si cerita dongeng moga fufufafa cepat modar,0
seperti admin fufufafa doyan banget sama mimik susu apa tampak si fufufafa waktu kecil,0
emang tahan madrid bagus apa si,2
biasa dok cebokers amp fufufafa analisanya dangkal muncul umpat kata2 jorok cermin dalam pikir bahkan mgkn cermin tuan mmg jelas ijazah tetap semangatt dok kita kawal pak ps tuju perintah indonesia bersih,0
2 baris pertama udah tau kalo beliau anak hi skizo ogah banget males,1
kamuflase buat nutupin laku busuk si fufufafa,0
takut si fufufafa debat rakyat,0
fufufafa bhuakakakakakakakak,1
jilid baru alih isu tenggelam fufufafa aib nasional paling anyar,0
diskursus split bill kembali pekan tiga pimpin subianto fufufafa alhamdulillah nature is healing,1
ya buat di india sangat tarik,1
jelass lah fufufafa lancar klo cuma ngomongin susu,0
bajer somplak mukidi fufufafa mulai bikin counter bela berhala,0
boneka jatim lg bg kalah ambisi jadi fufufafa presiden,0
lo lebih condong min kamala trump,1
benar wapres cari tahu usut tuntas siapa benar milik akun fufufafa saya yakin kalau wapres turun tangan milik akun fufufafa lebih mudah cari,0
wapres susufufufafa wajib lengser,0
kalau fufufafa selip lidah gak,1
hbd gan ada bintang tamu raya,1
ga tau memang ada kack,1
akhir banyak nganggurnya,1
wts wtb ready weekend aplikasi premium murah garansi bstation canva capcut chatgpt disney hbogo iqiyi netflix prime vidio viu vision wetv youtube p diddy fufufafa nurul mega bobby presiden abidzar,1
lah cara keluarga prabroro fufufafa laku pilres kemarin berasama kpu bawaslu tni polri perintah pusat daerah libat semua nyasekarang 50sadar,0
kl cepat fufufafa amp gerombol geser pak akan segera geser ingat pak bocor bocor bocor amp 2030 bubar,0
wapres fufufafa tak beri sambut buka mtq korpri nasional said didu begitu kerja boneka oligarki,0
beneran fufufa jadi liabilities bangsa 08 butuh damping kelas biar jalan kabinet klw 08 sprtiny bukan driver direktur lebih komisaris fufufafa levelny dagang umkm bukan pimpin,0
astagfirullah goblog banget wkwkwkwk,1
padahal si helm jadi otak ormas dukung besar fufufafa taek lah kamu pake playing victim,1
gk kuat liat muka fufufafa stiap hari,0
kunci akun fufufafa di,0
haduh kuat liat muka fufufafa hari,0
ga sengaja denger bocil sd pulang sekolah nyanyi ganyang fufufafa kyknya udah tanam alam bawah sadar tu lagu,0
fufufafa isi kepala cuman cabul mesum susu syahrini,0
gak jauh2x semua muara susu jadi ingat fufufafa ken susu sahroni,0
karyawan komdigi tangkap fufufafa muka pucat,0
bagaimana dapat wapres model fufufafa rakyat aja begini,0
gara2 anak2 boyamin saiman fufufafa akhir jadi wapres,0
yah bang orang ngejelasin masalah akun fufufafa aja kita sedang laku ituu omong aja amburadul gimana ngejelasin perihal kasus teknis,0
simpul damai si aipda salah salah supriyani,1
karna city fanbase nya sepi wkwk,1
salam fufufafa,1
wapres ada apa apa banding padahal varel baru masuk politik banyak ragu jauuuuuh lebih baik fufufafa,0
fufufafa kerja cuma bagibagi susu mulu mah tugas ibu woy,0
sedang lihat ada politik indonesia sedang carut marut gara2 fufufafa,0
ngurus koperasi judol lumayan hasil kutip setor pajak bandar judi titip koperasi buat modal tuju 2029 budi arie fufufafa tri faksi projo,0
semua putus semua tamat ini tanda tanda fufufafa kudeta,0
kunci pennsylvania michigan sama wisconsin aja nih,1
sblm gulung lain berani gulung si fufufafa,0
pakar intelijen sahabat fufufafa,1
wapres tak beri sambut hanya perlu bagibagi susu hingga milu datang fufufafa masa depan bangsa,0
kerjo penak yo ngene iki,0
gibranfufufafa08975028233sakit jiwapsikopat tenang jkkonsumsi obat maniakkkbokep penddkan hanyasmp terindikasinarkoba modalpencitraan otakkzonkkk wapresindonesia mmng rakyat indonesiachina2 penjajahn buzzer2rp,0
citra mulu apes apes negara isi anak kosong fufufafa rakyat suruh ngemis hancur msa depan,0
fufufafa and the gang,1
sekte fufufafa mencret ekkekekeke,0
bodo pak pak wo mau kek gw kagak peduli penting anak bini gw makan kenyang anak gw sekolah nya lancar tidur nyenyakudah alhamdulillah mau si fufufafa jadi presidengw kagak pedulisiapa yang jadi kuasa kagak ngaruh sama ekonomi gw,2
hahaha ganyang fufufafa,0
lanjut fufufafa bu,1
kagak bener fakta indon kagak maju krna lo lo milih tolol lanjut fufufafa,0
otak kosong kopong wakil presiden fufufafa,0
ntr yang marah sembah boneka fufufafa,0
enak banget jadi lupa fufufafa mau,0
benci banget gw ma nikmat boruto annoying masuk fufufafa,0
padahal bukan fufufafa,1
numpang lewat aku ngikik siangting kosong nyaring bunyi otak kosong otak nyaa fufufafa,0
dungu bukan orang dungu gagal berfikir runtut orang dungu orang langgar atur berfikir dungu hak orang contoh orang dungu fufufafa wapresnya kaum 58,0
hehehe hehehe kita fufufafa aja,1
wapres jabat lu apa anggur wapres prestasi cari aja fufufafa,0
akun fufufafa mau sangka apa woi wong edan,0
kan cuma main fufufafa mana peduli rakyat kecil pntg bg manfaat peluang impormrk bs cuan gede,0
lebih rem boneka anabel boneka chuki apa boneka psikopat fufufafa,0
wowo edisi campus tour kh btw bawa fufufafa gag,1
tangkap dulu kalau tom lembong buat kenapa tidak salam buat bela fufufafa,0
anjinggggg kuliah diliatin fufufafa,0
ternak banyak baru netes sungguh keri,1
fufufafa jatidirinya,1
jangan kasih liat fufufafa,1
klo gk susu makan gratis sama anak sd cuma yang di kerja wapres fufufafa apaa salah negara sehingga pemimpn model gin,0
fufufafa bela org budi arie org lah angkat budi arie kan bela trs dpt jabatab bong,0
gak beda lu sama fufufafa bang sama2 leceh cewek malah jadi bahan olok bukan stop,0
wts wtb ready weekend aplikasi premium murah garansi bstation canva capcut chatgpt disney hbogo iqiyi netflix prime vidio viu vision wetv youtube p diddy fufufafa nurul mega bobby presiden abidzar,1
10 tahun pdip mega puan luhut kroni pesta pora rusak miskin bodoh tipu bangkrut rakyat kecil nkri masih nafsu terus rusak nkri guna genk fufufafa gibran,0
gw mimpi balik bangkamala sama fufufafa menang,1
hahahahaha itu loo tauu kan gua samain otak lo sama fufufafa alias dongoooo ampe tulang2,0
alhamdulillah,1
buka acara sekian wassalam fufufafa,1
gak omon omon kek mending fufufafa suruh datang,0
ini effect sembah fufufafa knp kaum 58 mkn lihat kualitas nya kosong jgn kebanyakn mkn uang setan biar ikut bodoh kaya fufufafa,0
kuantitas sih emang mayoritas cara kualitas jelas fufufafa,0
bismillah jadi alphard,1
cinta fufufafa larn emang ibu satu,1
ngomong apa se rk knp mkn kesini mkn kosong yaaga yang bobot ikut otak kosong fufufafa,0
soal akhlak entah allah mana sembah,1
sdh biasa beliau pidato rap legar nyata org sekitar ttp sj lingkar gerak fufufafa makin hari makin gesit presiden kalah pamor kalah popularitas 2029 asa spt esok lusa minggu depan bulan depan,0
islam bela benar siapa klo benar bela meski bukan agama islam begitupula balik salah tentang apa agama meski yang agama islam fufufafa ktp nya islam tentang salah jelas,0
kayak manuk kayak punya manuk gairah wapres apa kok bodoh milih fufufafa,0
amrik otw punya fufufafa versi sendiri,1
fufufafa gemar susu gantung hingga sekarang hobi bagi susu,0
fufufafa milk american great again,0
muka lo mirip fufufafa,1
klo mode fufufafa sajak dia buat,0
bencana indonesia ada sini,1
fufufafa makan babi memang babi,0
mungkin liat muka fufufafa,1
kenapa power is power beneran nyata samasama nerima uang judol periksa fakta sangat nyata karena artis keparat punya power lebih besar sadbor lenggang bebas plus akhir mereka mepetin si wowo fufufafa damn,0
fufufafa emang punya isi,0
ujung2nya minta lg lg ngangkat noh jkt pdhl kmp saling tikam soal isu fufufafa pikir gk tau elite kmp sendiri hembus2kan,0
hasil reformasi dapet menantu diktator sama fufufafa,0
jangan undang lah utk buka undang aja ketua mui menteri agama jangan kasih panggung tuh fufufafa,0
dar utk kata sambut smart aj mampu isi otak fufufafa psikopat sabu,0
dukung fufufafa nimbrung emang siapa ajak lu longor,1
takut tanya soal fufufafa,0
fufufafa dong,1
mmaksudnya fufufafa bawah ac,1
fufufafa bisa ngomong lahmesti ngomong apa tidak tau g,0
fufufafa bisa ajar public speaking dia,0
bukan sampah patung,0
nenek bujer bapak fufufafa semangat pak presiden jangan takut ama keluarga fufufafa,0
tentu fufufafa suka syahrini,1
semua bacoot fufufafa balik dia lg,0
sdh kosong ndak bs apa2 hadehhhhdosa apa negeri bs punya wapres si fufufafa,0
oalah pantesan ae haaland amburadul total tadi malem wong nyata main fufufafa,0
benar,1
rakyat indonesia rasa malu punya wapres otak kosongfufufafa,0
kakak aslab labkomku putar video ayo ganyang fufufafa smart tv lab gede gaban,0
aku bawa warga fufufafa nih,1
bener sih tuju ganyang fufufafa ndu,0
jangan2 biaya kampanye nyapres biayain projo pro judi online fufufafa,0
tattapi lo bang cowok duit diremehin beud ma netijennama cowok fufufafa,0
bantai fufufafa,1
ayo wapres usut tuntas siapa balik fufufafa amp jeblos penjara jangan biar manusia cabul amp sakit jiwa noda perintah amp jangan sampe aparat2mu mengkambinghitamkan pihak yang bukan milik asli fufufafa,0
duduk waktu diatengin pada reflek nyanyiin fufufafa atau kayak makasih susu mas fufufafa,0
halahngedabrus,1
kira2 apa tindak wakil presiden tanggap fenomena akun fufufafa jls etika,0
bung tuan presiden suruh jauh orang oslo ayah fufufafa tuan presiden kerbau cucuk hidung,0
postingan favorit fufufafa para dukung nih kalau kasih tahu fufufafa dapat harga,1
thread dgn komen hapus ada masih punya ssnya,1
mana fufufafa nya,1
tom lembong fufufafa portal islam,1
iyo tiaaaa memasaak sama,1
buah jatuh tak jauh dr pohon ngapain sih ada sembako gratis dr wapres murni uang wapreskah kemensos buat apa jg udh bkn masa kampanye ato wapres perlu dpt simpati dr masy krn diri ancam sesuatu biar fufufafa jawab,0
ngakak wapres fufufafa buka mtq tidak beri sambut emang mampu otak terbatasharap maklum portal islam syukur panitia paham mampu si wapres,0
fufufafa jg klo ngerjain skd ngga lolos passing grade,0
padahal punya akun puja setan,1
ada indonesia milih fufufafa,0
ga bosen fufufafa mulu,1
ugm nya selalu wellcome u fufufafa,1
dasar utak sindrom fufufafa menang dngn milu demokratis apa simak erot tdk mengendorse anak p luckily win dngn sistim demokratis and lhuu apa banyakin minum kencing onta lahh biar hayati apa milu demokratis,2
wkwkwk kocakkk fufufafa,0
kagak contek tidak yang bisik datang diam pukul gong gunting pita bagi2 bansos kunjung uji coba maksi gratis doank tugas tp sayang masyarakat bawah mengelu2kan fufufafakaum miskin amp bodoh pelihara oligarki,2
negara sudah rusak mulyonoskrg fufufafa akan rusak lg,0
emg apa tanya wartawan fufufafa skrg gitu,1
mana tuh mau didenger sambut brgkl wejang kalo seremonial mah no 2 fufufafa bingung,0
kita bandiingkn dgn wakil presiden si fufufafa bagai lagit bumi,0
udah jelek jejak digital jelek fufufafa banget,0
lah aneh lu beli barang pake sistem rekber kaya shopitokped 2024 loh cuma modal nanya tidak nipu kan,1
ayo ayo ganyang fufufafa,0
karir luarbiasa si fufufafa beberapa tahun lalu asik ngegame tahun jadi wapres speechless,0
berita lbh mutu drpd beritain fufufafa kyk gin tiap hari,1
nah barusan pikir since we have as insult and fufufafa as insult terus tau soal hari rabu bangga kita dong nyari hari kejawen bawa untung sial buat fufufafa mana,0
udah mintol fufufafa,1
kampanye citra kesempatanmakzulkan segera fufufafa,0
si fufufafa untung2 nanyain nenen,0
sebenernya biasa aja kalo dibandingin sama si fufufafa mah jauh banget,0
efek trump apa efek fufufafa bang,1
i mean look at him banding fufufafa kyk 11 banding 100,0
lah malah asumsi jelek wartawannya goblok,1
10 jam pantau ada balas seperti bang rulie baca cocok lah punya wapres ipnya jeblok malas baca you really do deserve fufufafa,0
fufufafa ikut tu,1
usut tuntas fufufafa biar tau rasa mau bikin atur,0
look at indonesian with fufufafa,1
emang real ayok bantah pake data yak jngn pke peler 2014 pas fufufafa posting gerinda sdh blm yak,0
sudah mi kau perlu menglorifikasi perintah perlu kau bawa2 masa lalu kalo kau mau tarik masa lalu fufufafa kelompok densi paling parah menghinadinakan prabowo,2
ihh lucuk,1
anak fufufafa kalah jauh abak artis,0
ingat ucap pak bocor bocor bocor amp bubar 2030 ayo pak habis gerombol fufufafa kabinet bapak,0
untuk tau berapa tolol mu dari pilih kata mu cara mu balas opini kamu dukung fufufafa bukti la jadi yauda idiot moga hari senang,0
mulyono fufufafa usak bangsa prncitraan,0
yg pks dalam mulai jauh anak minta aja dukung fufufafa pak,0
mulyono fufufafa usak bangsa,0
bukan fufufafa suka susuyah,1
awas minggir lu miskin ucap speed,1
fufufafa min proses kah,0
andai fufufafa seperti tentu tidak berat kalau jadi wapres,0
darto helm sengaja angkat kasus alih perhati publik atas kasus fufufafa ini alih isu hasil,0
ga bayar angsur,1
berapa persen anak2 yang paham maksud ganyang fufufafa siapa fufufafa,1
masak cenblue tau standar high engagement sih manfaatin nama fufufafa buat naikin eksposur kasih syarat mustahil dongeng doang pencet rt,1
akar masalah fufufafa di mental jiwa,0
pada lihat fufufafa mending ini,1
akting kocak si fufufafa,0
ken sekali dengar fufufafa ngaji depan umum deh,1
dosa apa tiap masuk kelas mesti ketemu fufufafa gantung,0
usut fufufafa segera tangkap min,0
liat amorim noh maen ucl terjun bebas maen uel,1
skrng kaum 24 mau lawan pake apa politik identitas mempan fufufafa kuping udah kebas nabrak konstitusi iye gw tau salah nyata atur udh ubah masyarakat tengah populasi sadar nyoblos wkwk,2
moga kata 58 turun kyk si samsul bin slamet fufufafa aamiin,0
negara lawak hukum main hendak hati kuasa gtnegeri fufufafa negeri bedebah,0
selalu bansos sok akhlak padahal fufufafa omong parah penuh caci maki porno,0
anak presiden aja homo kata si fufufafa mungkin dong ngebolehin,0
fufufafa rame ya guysss,1
wih si paling intelek padahal mah tong kosong,2
simpul thread gibrin rikibiming riki aka fufufafa,1
lama keluarga fufufafa yaqut yulhas jabat oligarki aseng liar arti semua omon,0
